"first_date_of_month","all_monthly_index","all_quarterly_index","all_yearly_index","flat_monthly_index","flat_quarterly_index","flat_yearly_index","villa_monthly_index","villa_quarterly_index","villa_yearly_index","all_monthly_price_index","all_quarterly_price_index","all_yearly_price_index","flat_monthly_price_index","flat_quarterly_price_index","flat_yearly_price_index","villa_monthly_price_index","villa_quarterly_price_index","villa_yearly_price_index","load_timestamp"
"2022-08-01","1.348",,,"1.428",,,"1.343",,,"1311363.000",,,"1229309.000",,,"2158215.000",,,"2025-11-19 11:56:34.000"
"2023-02-01","1.415",,,"1.528",,,"1.358",,,"1351860.000",,,"1302648.000",,,"2262204.000",,,"2025-11-19 11:56:34.000"
"2022-10-01","1.371",,,"1.459",,,"1.355",,,"1327833.000",,,"1256068.000",,,"2190569.000",,,"2025-11-19 11:56:34.000"
"2023-10-01","1.544",,,"1.686",,,"1.559",,,"1438846.000",,,"1411717.000",,,"2615245.000",,,"2025-11-19 11:56:34.000"
"2012-12-01","1.005","1.005","1.000","1.004","1.004","1.000","1.066","1.069","1.000","963721.000","961430.000","998200.000","933675.000","927742.000","969043.000","1805043.000","1807412.000","1682011.000","2025-11-19 11:56:34.000"
"2020-03-01","1.100","1.144",,"1.162","1.206",,"1.047","0.991",,"1058540.000","1070970.000",,"1010972.000","1026641.000",,"1625643.000","1633233.000",,"2025-11-19 11:56:34.000"
"2011-12-01","1.009","1.012",,"1.009","1.016",,"0.991","0.987",,"973850.000","985875.000",,"947349.000","960267.000",,"1592240.000","1597439.000",,"2025-11-19 11:56:34.000"
"2020-01-01","1.112",,,"1.174",,,"1.051",,,"1072003.000",,,"1024430.000",,,"1635573.000",,,"2025-11-19 11:56:34.000"
"2016-07-01","1.243",,,"1.272",,,"1.304",,,"1154627.000",,,"1104394.000",,,"2049007.000",,,"2025-11-19 11:56:34.000"
"2022-11-01","1.387",,,"1.482",,,"1.343",,,"1334010.000",,,"1268624.000",,,"2189580.000",,,"2025-11-19 11:56:34.000"
"2014-05-01","1.190",,,"1.227",,,"1.274",,,"1120459.000",,,"1088069.000",,,"2106819.000",,,"2025-11-19 11:56:34.000"
"2018-07-01","1.251",,,"1.290",,,"1.303",,,"1156371.000",,,"1109243.000",,,"2170751.000",,,"2025-11-19 11:56:34.000"
"2013-01-01","1.015",,,"1.015",,,"1.077",,,"972966.000",,,"942268.000",,,"1824146.000",,,"2025-11-19 11:56:34.000"
"2019-03-01","1.170","1.231",,"1.210","1.273",,"1.172","1.153",,"1095413.000","1116906.000",,"1044134.000","1067265.000",,"1921155.000","1977088.000",,"2025-11-19 11:56:34.000"
"2019-08-01","1.123",,,"1.169",,,"1.084",,,"1057024.000",,,"1009739.000",,,"1717184.000",,,"2025-11-19 11:56:34.000"
"2012-03-01","0.990","1.000",,"0.991","1.000",,"1.014","1.000",,"946412.000","962784.000",,"917718.000","934524.000",,"1669338.000","1646567.000",,"2025-11-19 11:56:34.000"
"2015-04-01","1.301",,,"1.346",,,"1.377",,,"1215874.000",,,"1174360.000",,,"2170470.000",,,"2025-11-19 11:56:34.000"
"2019-10-01","1.119",,,"1.172",,,"1.066",,,"1065665.000",,,"1016661.000",,,"1674011.000",,,"2025-11-19 11:56:34.000"
"2023-04-01","1.430",,,"1.548",,,"1.374",,,"1356728.000",,,"1316305.000",,,"2321334.000",,,"2025-11-19 11:56:34.000"
"2011-05-01","1.014",,,"1.028",,,"1.000",,,"999286.000",,,"980075.000",,,"1561449.000",,,"2025-11-19 11:56:34.000"
"2011-08-01","1.014",,,"1.025",,,"0.957",,,"1000761.000",,,"980719.000",,,"1507301.000",,,"2025-11-19 11:56:34.000"
"2019-06-01","1.138","1.204",,"1.181","1.247",,"1.094","1.104",,"1068489.000","1102725.000",,"1020375.000","1052747.000",,"1759829.000","1868055.000",,"2025-11-19 11:56:34.000"
"2012-06-01","0.990","0.988",,"0.988","0.988",,"1.049","1.023",,"946977.000","951746.000",,"916017.000","921075.000",,"1750479.000","1708380.000",,"2025-11-19 11:56:34.000"
"2022-09-01","1.358","1.383",,"1.442","1.444",,"1.353","1.276",,"1316024.000","1315810.000",,"1240859.000","1232605.000",,"2176692.000","2134295.000",,"2025-11-19 11:56:34.000"
"2017-05-01","1.293",,,"1.333",,,"1.414",,,"1238185.000",,,"1181589.000",,,"2259140.000",,,"2025-11-19 11:56:34.000"
"2013-06-01","1.066","1.051",,"1.073","1.056",,"1.118","1.093",,"1006447.000","1004178.000",,"977913.000","972678.000",,"1919190.000","1881171.000",,"2025-11-19 11:56:34.000"
"2013-11-01","1.115",,,"1.135",,,"1.203",,,"1045494.000",,,"1019361.000",,,"2052331.000",,,"2025-11-19 11:56:34.000"
"2022-02-01","1.222",,,"1.259",,,"1.284",,,"1189791.000",,,"1075996.000",,,"2093251.000",,,"2025-11-19 11:56:34.000"
"2016-09-01","1.247","1.278",,"1.271","1.304",,"1.383","1.270",,"1157869.000","1177665.000",,"1103954.000","1122430.000",,"2203310.000","2122248.000",,"2025-11-19 11:56:34.000"
"2018-03-01","1.257","1.303",,"1.298","1.349",,"1.308","1.261",,"1160271.000","1193481.000",,"1113353.000","1142905.000",,"2146804.000","2148961.000",,"2025-11-19 11:56:34.000"
"2015-08-01","1.281",,,"1.329",,,"1.330",,,"1215827.000",,,"1168070.000",,,"2046946.000",,,"2025-11-19 11:56:34.000"
"2011-06-01","1.012","1.017",,"1.025","1.031",,"0.991","1.001",,"999859.000","989475.000",,"980183.000","969028.000",,"1544682.000","1599180.000",,"2025-11-19 11:56:34.000"
"2011-03-01","1.019",,,"1.034",,,"1.035",,,"992984.000",,,"973739.000",,,"1612610.000",,,"2025-11-19 11:56:34.000"
"2018-12-01","1.209","1.259","1.307","1.246","1.298","1.329","1.222","1.204","1.272","1115564.000","1128558.000","1203878.000","1064868.000","1077984.000","1150907.000","2054476.000","2065090.000","2049634.000","2025-11-19 11:56:34.000"
"2012-11-01","1.001",,,"1.001",,,"1.064",,,"957449.000",,,"926463.000",,,"1794414.000",,,"2025-11-19 11:56:34.000"
"2021-09-01","1.115","1.128",,"1.140","1.134",,"1.098","1.124",,"1065816.000","1053264.000",,"954524.000","946644.000",,"1940843.000","1954802.000",,"2025-11-19 11:56:34.000"
"2012-08-01","0.985",,,"0.984",,,"1.065",,,"945826.000",,,"912291.000",,,"1782500.000",,,"2025-11-19 11:56:34.000"
"2017-03-01","1.290","1.314",,"1.327","1.341",,"1.424","1.332",,"1228303.000","1223463.000",,"1170340.000","1165033.000",,"2254320.000","2258618.000",,"2025-11-19 11:56:34.000"
"2019-07-01","1.127",,,"1.173",,,"1.089",,,"1059348.000",,,"1011827.000",,,"1737806.000",,,"2025-11-19 11:56:34.000"
"2012-07-01","0.993",,,"0.992",,,"1.058",,,"952149.000",,,"920280.000",,,"1757532.000",,,"2025-11-19 11:56:34.000"
"2016-10-01","1.255",,,"1.279",,,"1.381",,,"1164840.000",,,"1111692.000",,,"2220563.000",,,"2025-11-19 11:56:34.000"
"2018-09-01","1.232","1.279",,"1.271","1.321",,"1.262","1.254",,"1132739.000","1153947.000",,"1084357.000","1105671.000",,"2120682.000","2150196.000",,"2025-11-19 11:56:34.000"
"2021-12-01","1.179","1.181","1.193","1.207","1.184","1.201","1.193","1.204","1.198","1141666.000","1118217.000","1133785.000","1026759.000","1000058.000","1041679.000","2003452.000","2060863.000","1961679.000","2025-11-19 11:56:34.000"
"2023-05-01","1.442",,,"1.560",,,"1.394",,,"1364430.000",,,"1321494.000",,,"2336939.000",,,"2025-11-19 11:56:34.000"
"2016-05-01","1.219",,,"1.252",,,"1.275",,,"1124113.000",,,"1071814.000",,,"1987794.000",,,"2025-11-19 11:56:34.000"
"2014-06-01","1.213","1.190",,"1.250","1.213",,"1.290","1.204",,"1137710.000","1119794.000",,"1105277.000","1083915.000",,"2131603.000","2080308.000",,"2025-11-19 11:56:34.000"
"2014-10-01","1.262",,,"1.315",,,"1.355",,,"1195080.000",,,"1153408.000",,,"2144040.000",,,"2025-11-19 11:56:34.000"
"2017-09-01","1.277","1.330",,"1.323","1.364",,"1.377","1.331",,"1219751.000","1244973.000",,"1164538.000","1186264.000",,"2197222.000","2248383.000",,"2025-11-19 11:56:34.000"
"2021-05-01","1.071",,,"1.085",,,"0.993",,,"1007529.000",,,"904476.000",,,"1773164.000",,,"2025-11-19 11:56:34.000"
"2023-12-01","1.577","1.616","1.599","1.717","1.736","1.685","1.617","1.546","1.473","1462697.000","1472796.000","1492495.000","1431218.000","1430640.000","1437212.000","2711481.000","2640417.000","2447257.000","2025-11-19 11:56:34.000"
"2020-11-01","1.076",,,"1.125",,,"0.997",,,"1017352.000",,,"957668.000",,,"1663863.000",,,"2025-11-19 11:56:34.000"
"2023-11-01","1.554",,,"1.693",,,"1.592",,,"1448416.000",,,"1415573.000",,,"2679492.000",,,"2025-11-19 11:56:34.000"
"2017-08-01","1.272",,,"1.317",,,"1.396",,,"1211157.000",,,"1154519.000",,,"2229365.000",,,"2025-11-19 11:56:34.000"
"2021-08-01","1.096",,,"1.116",,,"1.072",,,"1041825.000",,,"931311.000",,,"1909567.000",,,"2025-11-19 11:56:34.000"
"2023-03-01","1.421","1.461",,"1.539","1.556",,"1.366","1.314",,"1353266.000","1364789.000",,"1310604.000","1309126.000",,"2291490.000","2254534.000",,"2025-11-19 11:56:34.000"
"2014-02-01","1.140",,,"1.175",,,"1.223",,,"1080291.000",,,"1048978.000",,,"2037454.000",,,"2025-11-19 11:56:34.000"
"2018-05-01","1.255",,,"1.294",,,"1.317",,,"1153430.000",,,"1109304.000",,,"2184103.000",,,"2025-11-19 11:56:34.000"
"2021-06-01","1.070","1.108",,"1.088","1.118",,"1.013","1.076",,"1009593.000","1023551.000",,"904920.000","927441.000",,"1822343.000","1880153.000",,"2025-11-19 11:56:34.000"
"2013-12-01","1.116","1.104","1.054","1.147","1.121","1.066","1.217","1.163","1.095","1057381.000","1051650.000","1045819.000","1026844.000","1017334.000","1011683.000","2047949.000","1997298.000","1825443.000","2025-11-19 11:56:34.000"
"2012-10-01","0.996",,,"0.997",,,"1.058",,,"950372.000",,,"919180.000",,,"1779470.000",,,"2025-11-19 11:56:34.000"
"2015-10-01","1.273",,,"1.309",,,"1.288",,,"1185425.000",,,"1141309.000",,,"2008716.000",,,"2025-11-19 11:56:34.000"
"2022-07-01","1.338",,,"1.414",,,"1.349",,,"1303494.000",,,"1218379.000",,,"2162529.000",,,"2025-11-19 11:56:34.000"
"2011-04-01","1.018",,,"1.032",,,"1.016",,,"1000907.000",,,"981915.000",,,"1583663.000",,,"2025-11-19 11:56:34.000"
"2013-09-01","1.091","1.077",,"1.102","1.085",,"1.172","1.132",,"1024976.000","1019603.000",,"998527.000","988999.000",,"2033875.000","1962095.000",,"2025-11-19 11:56:34.000"
"2014-07-01","1.227",,,"1.266",,,"1.305",,,"1144979.000",,,"1112514.000",,,"2151716.000",,,"2025-11-19 11:56:34.000"
"2013-05-01","1.054",,,"1.060",,,"1.105",,,"998442.000",,,"970571.000",,,"1892836.000",,,"2025-11-19 11:56:34.000"
"2011-09-01","1.016","1.015",,"1.024","1.026",,"0.961","0.982",,"999954.000","999459.000",,"979296.000","977668.000",,"1523298.000","1564472.000",,"2025-11-19 11:56:34.000"
"2020-02-01","1.104",,,"1.167",,,"1.043",,,"1063655.000",,,"1015635.000",,,"1613103.000",,,"2025-11-19 11:56:34.000"
"2015-03-01","1.298","1.303",,"1.345","1.336",,"1.380","1.267",,"1213620.000","1211086.000",,"1174418.000","1170474.000",,"2176537.000","2137141.000",,"2025-11-19 11:56:34.000"
"2016-08-01","1.252",,,"1.276",,,"1.344",,,"1158440.000",,,"1106297.000",,,"2132786.000",,,"2025-11-19 11:56:34.000"
"2023-08-01","1.504",,,"1.641",,,"1.508",,,"1412776.000",,,"1380722.000",,,"2509801.000",,,"2025-11-19 11:56:34.000"
"2011-10-01","1.015",,,"1.020",,,"0.966",,,"994141.000",,,"971100.000",,,"1541817.000",,,"2025-11-19 11:56:34.000"
"2018-11-01","1.215",,,"1.253",,,"1.239",,,"1120008.000",,,"1071159.000",,,"2082662.000",,,"2025-11-19 11:56:34.000"
"2016-11-01","1.253",,,"1.277",,,"1.393",,,"1169668.000",,,"1113488.000",,,"2241975.000",,,"2025-11-19 11:56:34.000"
"2012-02-01","0.994",,,"0.993",,,"1.014",,,"955212.000",,,"926625.000",,,"1657369.000",,,"2025-11-19 11:56:34.000"
"2017-04-01","1.294",,,"1.332",,,"1.411",,,"1236396.000",,,"1180056.000",,,"2246289.000",,,"2025-11-19 11:56:34.000"
"2020-12-01","1.075","1.117","1.150","1.124","1.170","1.186","1.000","1.005","1.077","1013973.000","1035728.000","1083410.000","953616.000","980655.000","1031312.000","1691696.000","1699992.000","1729467.000","2025-11-19 11:56:34.000"
"2012-01-01","1.000",,,"1.000",,,"1.000",,,"959293.000",,,"932485.000",,,"1620570.000",,,"2025-11-19 11:56:34.000"
"2018-06-01","1.254","1.290",,"1.292","1.330",,"1.324","1.275",,"1155343.000","1168364.000",,"1109947.000","1118330.000",,"2197933.000","2187442.000",,"2025-11-19 11:56:34.000"
"2019-02-01","1.184",,,"1.222",,,"1.196",,,"1104654.000",,,"1052995.000",,,"1980070.000",,,"2025-11-19 11:56:34.000"
"2011-07-01","1.013",,,"1.025",,,"0.973",,,"1001834.000",,,"982178.000",,,"1521754.000",,,"2025-11-19 11:56:34.000"
"2019-01-01","1.195",,,"1.234",,,"1.206",,,"1108487.000",,,"1056401.000",,,"2014137.000",,,"2025-11-19 11:56:34.000"
"2024-04-01","1.645",,,"1.805",,,"1.699",,,"1510837.000",,,"1487603.000",,,"2875434.000",,,"2025-11-19 11:56:34.000"
"2012-05-01","0.987",,,"0.986",,,"1.040",,,"944760.000",,,"913840.000",,,"1725461.000",,,"2025-11-19 11:56:34.000"
"2017-07-01","1.276",,,"1.319",,,"1.406",,,"1213542.000",,,"1155610.000",,,"2254416.000",,,"2025-11-19 11:56:34.000"
"2024-03-01","1.633","1.666",,"1.790","1.800",,"1.701","1.643",,"1502703.000","1505052.000",,"1477573.000","1472327.000",,"2850971.000","2813779.000",,"2025-11-19 11:56:34.000"
"2022-04-01","1.273",,,"1.331",,,"1.318",,,"1238402.000",,,"1140202.000",,,"2124828.000",,,"2025-11-19 11:56:34.000"
"2018-10-01","1.224",,,"1.261",,,"1.254",,,"1126448.000",,,"1076988.000",,,"2102934.000",,,"2025-11-19 11:56:34.000"
"2011-11-01","1.011",,,"1.014",,,"0.979",,,"984699.000",,,"960489.000",,,"1565821.000",,,"2025-11-19 11:56:34.000"
"2021-02-01","1.083",,,"1.125",,,"0.970",,,"1013881.000",,,"944982.000",,,"1711382.000",,,"2025-11-19 11:56:34.000"
"2023-09-01","1.526","1.558",,"1.665","1.679",,"1.539","1.446",,"1431798.000","1432776.000",,"1399719.000","1393948.000",,"2559674.000","2477541.000",,"2025-11-19 11:56:34.000"
"2021-07-01","1.083",,,"1.101",,,"1.039",,,"1024483.000",,,"916322.000",,,"1871675.000",,,"2025-11-19 11:56:34.000"
"2017-02-01","1.285",,,"1.320",,,"1.429",,,"1222568.000",,,"1162737.000",,,"2263229.000",,,"2025-11-19 11:56:34.000"
"2014-04-01","1.175",,,"1.210",,,"1.258",,,"1109036.000",,,"1076549.000",,,"2086517.000",,,"2025-11-19 11:56:34.000"
"2021-01-01","1.081",,,"1.127",,,"0.968",,,"1016208.000",,,"952825.000",,,"1678567.000",,,"2025-11-19 11:56:34.000"
"2015-02-01","1.297",,,"1.345",,,"1.386",,,"1209484.000",,,"1170460.000",,,"2196363.000",,,"2025-11-19 11:56:34.000"
"2014-12-01","1.287","1.269","1.209","1.335","1.308","1.232","1.370","1.257","1.267","1202077.000","1193370.000","1173267.000","1163099.000","1149275.000","1131014.000","2172860.000","2100167.000","2035153.000","2025-11-19 11:56:34.000"
"2017-01-01","1.276",,,"1.303",,,"1.434",,,"1198606.000",,,"1140213.000",,,"2282856.000",,,"2025-11-19 11:56:34.000"
"2015-06-01","1.297","1.321",,"1.340","1.351",,"1.358","1.274",,"1214168.000","1217535.000",,"1169611.000","1173281.000",,"2129456.000","2139370.000",,"2025-11-19 11:56:34.000"
"2016-06-01","1.220","1.268",,"1.253","1.293",,"1.286","1.221",,"1127058.000","1153800.000",,"1076368.000","1100496.000",,"2015680.000","2037981.000",,"2025-11-19 11:56:34.000"
"2014-09-01","1.254","1.228",,"1.304","1.259",,"1.328","1.238",,"1175816.000","1150652.000",,"1137672.000","1110640.000",,"2121287.000","2107669.000",,"2025-11-19 11:56:34.000"
"2022-03-01","1.249","1.251",,"1.285","1.260",,"1.297","1.234",,"1215673.000","1186002.000",,"1100294.000","1067385.000",,"2100519.000","2094633.000",,"2025-11-19 11:56:34.000"
"2020-08-01","1.105",,,"1.168",,,"1.012",,,"1051163.000",,,"1002771.000",,,"1617983.000",,,"2025-11-19 11:56:34.000"
"2019-04-01","1.153",,,"1.194",,,"1.148",,,"1080478.000",,,"1027684.000",,,"1854948.000",,,"2025-11-19 11:56:34.000"
"2013-07-01","1.074",,,"1.080",,,"1.125",,,"1009282.000",,,"981458.000",,,"1949852.000",,,"2025-11-19 11:56:34.000"
"2019-12-01","1.114","1.170","1.226","1.175","1.227","1.260","1.059","1.018","1.129","1072916.000","1082542.000","1143532.000","1024753.000","1035283.000","1095145.000","1643950.000","1682547.000","1819526.000","2025-11-19 11:56:34.000"
"2022-01-01","1.197",,,"1.228",,,"1.262",,,"1164956.000",,,"1049652.000",,,"2077358.000",,,"2025-11-19 11:56:34.000"
"2015-05-01","1.306",,,"1.349",,,"1.371",,,"1220709.000",,,"1178242.000",,,"2173424.000",,,"2025-11-19 11:56:34.000"
"2016-01-01","1.248",,,"1.279",,,"1.230",,,"1152833.000",,,"1108981.000",,,"1965346.000",,,"2025-11-19 11:56:34.000"
"2016-04-01","1.224",,,"1.256",,,"1.275",,,"1126633.000",,,"1076514.000",,,"2012216.000",,,"2025-11-19 11:56:34.000"
"2016-02-01","1.239",,,"1.268",,,"1.249",,,"1143532.000",,,"1098223.000",,,"1990188.000",,,"2025-11-19 11:56:34.000"
"2024-05-01","1.656",,,"1.826",,,"1.705",,,"1514243.000",,,"1500469.000",,,"2929379.000",,,"2025-11-19 11:56:34.000"
"2019-05-01","1.142",,,"1.184",,,"1.115",,,"1073884.000",,,"1022458.000",,,"1799145.000",,,"2025-11-19 11:56:34.000"
"2015-11-01","1.265",,,"1.301",,,"1.279",,,"1175429.000",,,"1130147.000",,,"1990689.000",,,"2025-11-19 11:56:34.000"
"2020-10-01","1.092",,,"1.143",,,"0.991",,,"1033936.000",,,"976755.000",,,"1626295.000",,,"2025-11-19 11:56:34.000"
"2018-08-01","1.243",,,"1.283",,,"1.277",,,"1149847.000",,,"1102805.000",,,"2145540.000",,,"2025-11-19 11:56:34.000"
"2020-05-01","1.121",,,"1.189",,,"1.060",,,"1078323.000",,,"1031854.000",,,"1651574.000",,,"2025-11-19 11:56:34.000"
"2015-12-01","1.257","1.293","1.306","1.288","1.326","1.332","1.256","1.215","1.302","1163483.000","1192119.000","1232593.000","1118779.000","1143881.000","1187884.000","1985196.000","2006627.000","2063147.000","2025-11-19 11:56:34.000"
"2012-09-01","0.988","0.994",,"0.988","0.994",,"1.064","1.040",,"941332.000","954597.000",,"908513.000","921802.000",,"1789845.000","1753723.000",,"2025-11-19 11:56:34.000"
"2019-09-01","1.124","1.181",,"1.173","1.230",,"1.077","1.040",,"1063289.000","1084263.000",,"1015471.000","1035335.000",,"1699176.000","1737211.000",,"2025-11-19 11:56:34.000"
"2021-11-01","1.156",,,"1.182",,,"1.167",,,"1115937.000",,,"1000253.000",,,"1990496.000",,,"2025-11-19 11:56:34.000"
"2015-07-01","1.286",,,"1.333",,,"1.350",,,"1212510.000",,,"1165884.000",,,"2085932.000",,,"2025-11-19 11:56:34.000"
"2022-12-01","1.396","1.424","1.381","1.495","1.500","1.398","1.340","1.296","1.305","1339113.000","1348521.000","1321155.000","1276390.000","1274625.000","1218132.000","2204459.000","2176097.000","2135492.000","2025-11-19 11:56:34.000"
"2020-04-01","1.115",,,"1.182",,,"1.050",,,"1078398.000",,,"1031753.000",,,"1627405.000",,,"2025-11-19 11:56:34.000"
"2024-01-01","1.592",,,"1.730",,,"1.652",,,"1471712.000",,,"1437890.000",,,"2771463.000",,,"2025-11-19 11:56:34.000"
"2020-06-01","1.113","1.153",,"1.179","1.213",,"1.040","0.991",,"1066791.000","1072439.000",,"1018974.000","1026421.000",,"1628315.000","1636094.000",,"2025-11-19 11:56:34.000"
"2015-09-01","1.279","1.303",,"1.319","1.340",,"1.295","1.217",,"1199589.000","1203902.000",,"1156286.000","1158113.000",,"2010952.000","2009674.000",,"2025-11-19 11:56:34.000"
"2014-08-01","1.237",,,"1.278",,,"1.313",,,"1150759.000",,,"1117669.000",,,"2140023.000",,,"2025-11-19 11:56:34.000"
"2013-04-01","1.045",,,"1.050",,,"1.093",,,"996697.000",,,"968212.000",,,"1866180.000",,,"2025-11-19 11:56:34.000"
"2013-03-01","1.035","1.024",,"1.038","1.027",,"1.097","1.077",,"989328.000","978555.000",,"959961.000","947176.000",,"1867868.000","1843504.000",,"2025-11-19 11:56:34.000"
"2018-04-01","1.258",,,"1.298",,,"1.312",,,"1159790.000",,,"1114761.000",,,"2177462.000",,,"2025-11-19 11:56:34.000"
"2017-10-01","1.272",,,"1.322",,,"1.357",,,"1210465.000",,,"1159333.000",,,"2167406.000",,,"2025-11-19 11:56:34.000"
"2023-07-01","1.486",,,"1.612",,,"1.457",,,"1392127.000",,,"1357371.000",,,"2434965.000",,,"2025-11-19 11:56:34.000"
"2021-10-01","1.132",,,"1.160",,,"1.130",,,"1086969.000",,,"974621.000",,,"1962448.000",,,"2025-11-19 11:56:34.000"
"2015-01-01","1.294",,,"1.342",,,"1.393",,,"1210156.000",,,"1170097.000",,,"2204273.000",,,"2025-11-19 11:56:34.000"
"2020-07-01","1.108",,,"1.171",,,"1.023",,,"1058115.000",,,"1010882.000",,,"1619298.000",,,"2025-11-19 11:56:34.000"
"2012-04-01","0.987",,,"0.987",,,"1.031",,,"943051.000",,,"913119.000",,,"1704810.000",,,"2025-11-19 11:56:34.000"
"2017-06-01","1.288","1.324",,"1.330","1.354",,"1.409","1.319",,"1235272.000","1237158.000",,"1176709.000","1176014.000",,"2246914.000","2228955.000",,"2025-11-19 11:56:34.000"
"2013-10-01","1.100",,,"1.113",,,"1.195",,,"1030562.000",,,"1003811.000",,,"2056206.000",,,"2025-11-19 11:56:34.000"
"2018-01-01","1.267",,,"1.312",,,"1.327",,,"1185526.000",,,"1136260.000",,,"2133452.000",,,"2025-11-19 11:56:34.000"
"2013-08-01","1.088",,,"1.097",,,"1.141",,,"1019358.000",,,"993207.000",,,"1978937.000",,,"2025-11-19 11:56:34.000"
"2023-06-01","1.466","1.513",,"1.591","1.620",,"1.413","1.363",,"1379411.000","1401000.000",,"1344304.000","1355631.000",,"2376212.000","2335965.000",,"2025-11-19 11:56:34.000"
"2024-02-01","1.611",,,"1.760",,,"1.658",,,"1484672.000",,,"1457746.000",,,"2785439.000",,,"2025-11-19 11:56:34.000"
"2013-02-01","1.027",,,"1.028",,,"1.086",,,"982581.000",,,"953270.000",,,"1842868.000",,,"2025-11-19 11:56:34.000"
"2014-01-01","1.127",,,"1.162",,,"1.217",,,"1068374.000",,,"1038227.000",,,"2035333.000",,,"2025-11-19 11:56:34.000"
"2016-12-01","1.266","1.292","1.315","1.291","1.313","1.335","1.413","1.336","1.352","1181566.000","1190611.000","1230455.000","1125658.000","1131400.000","1179222.000","2272211.000","2256570.000","2181495.000","2025-11-19 11:56:34.000"
"2022-06-01","1.323","1.328",,"1.393","1.352",,"1.347","1.264",,"1288925.000","1266196.000",,"1200353.000","1153038.000",,"2157668.000","2112826.000",,"2025-11-19 11:56:34.000"
"2016-03-01","1.234","1.277",,"1.263","1.302",,"1.268","1.205",,"1137749.000","1166133.000",,"1088960.000","1117784.000",,"2018274.000","2022570.000",,"2025-11-19 11:56:34.000"
"2022-05-01","1.296",,,"1.368",,,"1.338",,,"1261379.000",,,"1175363.000",,,"2150469.000",,,"2025-11-19 11:56:34.000"
"2019-11-01","1.122",,,"1.179",,,"1.057",,,"1074936.000",,,"1026188.000",,,"1647221.000",,,"2025-11-19 11:56:34.000"
"2014-11-01","1.272",,,"1.323",,,"1.362",,,"1198158.000",,,"1156357.000",,,"2164457.000",,,"2025-11-19 11:56:34.000"
"2021-03-01","1.085","1.095",,"1.129","1.133",,"0.982","1.031",,"1016541.000","1009891.000",,"944223.000","945079.000",,"1745337.000","1789909.000",,"2025-11-19 11:56:34.000"
"2017-12-01","1.268","1.308","1.338","1.316","1.348","1.352","1.342","1.291","1.419","1198780.000","1205301.000","1245231.000","1148157.000","1150139.000","1187863.000","2135691.000","2179364.000","2279525.000","2025-11-19 11:56:34.000"
"2021-04-01","1.072",,,"1.097",,,"0.992",,,"1002667.000",,,"912404.000",,,"1768908.000",,,"2025-11-19 11:56:34.000"
"2023-01-01","1.405",,,"1.514",,,"1.332",,,"1343097.000",,,"1289772.000",,,"2209366.000",,,"2025-11-19 11:56:34.000"
"2017-11-01","1.275",,,"1.323",,,"1.352",,,"1206270.000",,,"1156549.000",,,"2154002.000",,,"2025-11-19 11:56:34.000"
"2020-09-01","1.095","1.136",,"1.153","1.197",,"0.998","0.983",,"1040950.000","1053954.000",,"988851.000","1006504.000",,"1610701.000","1632247.000",,"2025-11-19 11:56:34.000"
"2018-02-01","1.261",,,"1.303",,,"1.316",,,"1167782.000",,,"1120312.000",,,"2142315.000",,,"2025-11-19 11:56:34.000"
"2014-03-01","1.157","1.142",,"1.194","1.165",,"1.232","1.173",,"1095324.000","1081437.000",,"1063927.000","1046719.000",,"2050119.000","2023159.000",,"2025-11-19 11:56:34.000"
